{
    "variants": {
        "level=0": { "model": "minecraft:block/composter" },
		"level=1": { "model": "minecraft:block/composter_contents1" },
		"level=2": { "model": "minecraft:block/composter_contents2" },
		"level=3": { "model": "minecraft:block/composter_contents3" },
		"level=4": { "model": "minecraft:block/composter_contents4" },
		"level=5": { "model": "minecraft:block/composter_contents5" },
		"level=6": { "model": "minecraft:block/composter_contents6" },
		"level=7": { "model": "minecraft:block/composter_contents7" },
		"level=8": { "model": "minecraft:block/composter_contents_ready" }
    }
}
