{
  "variants": {
    "power=0": {
      "model": "minecraft:block/light_weighted_pressure_plate"
    },
    "power=1": {
      "model": "minecraft:block/light_weighted_pressure_plate_down/1"
    },
    "power=10": {
      "model": "minecraft:block/light_weighted_pressure_plate_down/10"
    },
    "power=11": {
      "model": "minecraft:block/light_weighted_pressure_plate_down/11"
    },
    "power=12": {
      "model": "minecraft:block/light_weighted_pressure_plate_down/12"
    },
    "power=13": {
      "model": "minecraft:block/light_weighted_pressure_plate_down/13"
    },
    "power=14": {
      "model": "minecraft:block/light_weighted_pressure_plate_down/14"
    },
    "power=15": {
      "model": "minecraft:block/light_weighted_pressure_plate_down/15"
    },
    "power=2": {
      "model": "minecraft:block/light_weighted_pressure_plate_down/2"
    },
    "power=3": {
      "model": "minecraft:block/light_weighted_pressure_plate_down/3"
    },
    "power=4": {
      "model": "minecraft:block/light_weighted_pressure_plate_down/4"
    },
    "power=5": {
      "model": "minecraft:block/light_weighted_pressure_plate_down/5"
    },
    "power=6": {
      "model": "minecraft:block/light_weighted_pressure_plate_down/6"
    },
    "power=7": {
      "model": "minecraft:block/light_weighted_pressure_plate_down/7"
    },
    "power=8": {
      "model": "minecraft:block/light_weighted_pressure_plate_down/8"
    },
    "power=9": {
      "model": "minecraft:block/light_weighted_pressure_plate_down/9"
    }
  }
}