{
  "multipart": [
    {
      "when": {
        "up": "true"
      },
      "apply": {
        "model": "minecraft:block/stone_brick_wall_post"
      }
    },
    {
      "when": {
        "north": "low"
      },
      "apply": {
        "model": "minecraft:block/stone_brick_wall_side",
        "uvlock": true
      }
    },
    {
      "when": {
        "east": "low"
      },
      "apply": {
        "model": "minecraft:block/stone_brick_wall_side",
        "y": 90,
        "uvlock": true
      }
    },
    {
      "when": {
        "south": "low"
      },
      "apply": {
        "model": "minecraft:block/stone_brick_wall_side",
        "y": 180,
        "uvlock": true
      }
    },
    {
      "when": {
        "west": "low"
      },
      "apply": {
        "model": "minecraft:block/stone_brick_wall_side",
        "y": 270,
        "uvlock": true
      }
    },
    {
      "when": {
        "north": "tall"
      },
      "apply": {
        "model": "minecraft:block/stone_brick_wall_side_tall",
        "uvlock": true
      }
    },
    {
      "when": {
        "east": "tall"
      },
      "apply": {
        "model": "minecraft:block/stone_brick_wall_side_tall",
        "y": 90,
        "uvlock": true
      }
    },
    {
      "when": {
        "south": "tall"
      },
      "apply": {
        "model": "minecraft:block/stone_brick_wall_side_tall",
        "y": 180,
        "uvlock": true
      }
    },
    {
      "when": {
        "west": "tall"
      },
      "apply": {
        "model": "minecraft:block/stone_brick_wall_side_tall",
        "y": 270,
        "uvlock": true
      }
    },
    {
      "when": {
        "OR": [
			{"west": "none", "south": "none", "east": "none", "north": "none", "up": "false"}
		]
      },
      "apply": {
        "model": "minecraft:block/wall_error",
        "uvlock": true
      }
    }
  ]
}