{
    "variants": {
        "age=0": { "model": "block/sugar_cane" },
		"age=1": { "model": "block/sugar_cane/age_1" },
        "age=2": { "model": "block/sugar_cane/age_2" },
        "age=3": { "model": "block/sugar_cane/age_3" },
        "age=4": { "model": "block/sugar_cane/age_4" },
        "age=5": { "model": "block/sugar_cane/age_5" },
        "age=6": { "model": "block/sugar_cane/age_6" },
        "age=7": { "model": "block/sugar_cane/age_7" },
        "age=8": { "model": "block/sugar_cane/age_8" },
        "age=9": { "model": "block/sugar_cane/age_9" },
        "age=10": { "model": "block/sugar_cane/age_10" },
        "age=11": { "model": "block/sugar_cane/age_11" },
        "age=12": { "model": "block/sugar_cane/age_12" },
        "age=13": { "model": "block/sugar_cane/age_13" },
        "age=14": { "model": "block/sugar_cane/age_14" },
        "age=15": { "model": "block/sugar_cane/age_15" }
    }
}
