{
  "variants": {
    "power=0": { "model": "block/target" },
	"power=1": { "model": "block/target/1" },
	"power=2": { "model": "block/target/2" },
	"power=3": { "model": "block/target/3" },
	"power=4": { "model": "block/target/4" },
	"power=5": { "model": "block/target/5" },
	"power=6": { "model": "block/target/6" },
	"power=7": { "model": "block/target/7" },
	"power=8": { "model": "block/target/8" },
	"power=9": { "model": "block/target/9" },
	"power=10": { "model": "block/target/10" },
	"power=11": { "model": "block/target/11" },
	"power=12": { "model": "block/target/12" },
	"power=13": { "model": "block/target/13" },
	"power=14": { "model": "block/target/14" },
	"power=15": { "model": "block/target/15" }
  }
}