{
	"credit": "Made with Blockbench",
	"ambientocclusion": false,
	"textures": {
		"0": "block/rail",
		"particle": "block/rail"
	},
	"elements": [
		{
			"name": "Element",
			"from": [2, 16, 15],
			"to": [4, 18, 16],
			"rotation": {"angle": 0, "axis": "y", "origin": [8, 24, 23]},
			"faces": {
				"north": {"uv": [3, 0, 2, 2], "texture": "#0"},
				"east": {"uv": [4, 0, 3, 2], "texture": "#0"},
				"south": {"uv": [3, 0, 2, 2], "texture": "#0"},
				"west": {"uv": [3, 0, 2, 2], "texture": "#0"},
				"up": {"uv": [2, 1, 4, 0], "texture": "#0"},
				"down": {"uv": [3, 1, 4, 0], "texture": "#0"}
			}
		},
		{
			"name": "Element",
			"from": [0, 8, 1],
			"to": [16, 9, 3],
			"rotation": {"angle": -45, "axis": "x", "origin": [8, 9, 7], "rescale": true},
			"faces": {
				"north": {"uv": [16, 13, 0, 14], "texture": "#0"},
				"east": {"uv": [9, 13, 7, 14], "texture": "#0"},
				"south": {"uv": [16, 12, 0, 14], "texture": "#0"},
				"west": {"uv": [9, 12, 7, 13], "texture": "#0"},
				"up": {"uv": [0, 14, 16, 12], "texture": "#0"},
				"down": {"uv": [0, 14, 16, 12], "texture": "#0"}
			}
		},
		{
			"name": "Element",
			"from": [0, 8, 6],
			"to": [16, 9, 8],
			"rotation": {"angle": -45, "axis": "x", "origin": [8, 9, 7], "rescale": true},
			"faces": {
				"north": {"uv": [16, 2.875, 0, 3.875], "texture": "#0"},
				"east": {"uv": [9, 3, 7, 4], "texture": "#0"},
				"south": {"uv": [16, 2, 0, 2.875], "texture": "#0"},
				"west": {"uv": [9, 2, 7, 3], "texture": "#0"},
				"up": {"uv": [0, 4, 16, 2], "texture": "#0"},
				"down": {"uv": [0, 9, 16, 7], "texture": "#0"}
			}
		},
		{
			"name": "Element",
			"from": [0, 8, 11],
			"to": [16, 9, 13],
			"rotation": {"angle": -45, "axis": "x", "origin": [8, 9, 7], "rescale": true},
			"faces": {
				"north": {"uv": [16, 3, 0, 4], "texture": "#0"},
				"east": {"uv": [9, 3, 7, 4], "texture": "#0"},
				"south": {"uv": [16, 2, 0, 3], "texture": "#0"},
				"west": {"uv": [9, 2, 7, 3], "texture": "#0"},
				"up": {"uv": [0, 4, 16, 2], "texture": "#0"},
				"down": {"uv": [0, 4, 16, 2], "texture": "#0"}
			}
		},
		{
			"name": "Element",
			"from": [12, 8, 0],
			"to": [14, 9.5, 16.5],
			"rotation": {"angle": -45, "axis": "x", "origin": [8, 8, 8], "rescale": true},
			"faces": {
				"north": {"uv": [14, 14, 13, 16], "texture": "#0"},
				"east": {"uv": [14, 14, 13, 16], "texture": "#0"},
				"south": {"uv": [14, 14, 13, 16], "texture": "#0"},
				"west": {"uv": [13, 14, 12, 16], "texture": "#0"},
				"up": {"uv": [12, 16, 14, 0], "texture": "#0"},
				"down": {"uv": [12, 16, 14, 0], "texture": "#0"}
			}
		},
		{
			"name": "Element",
			"from": [2, 8, 0],
			"to": [4, 9.5, 16.5],
			"rotation": {"angle": -45, "axis": "x", "origin": [8, 8, 8], "rescale": true},
			"faces": {
				"north": {"uv": [3, 14, 2, 16], "texture": "#0"},
				"east": {"uv": [4, 14, 3, 16], "texture": "#0"},
				"south": {"uv": [3, 14, 2, 16], "texture": "#0"},
				"west": {"uv": [3, 14, 2, 16], "texture": "#0"},
				"up": {"uv": [2, 16, 4, 0], "texture": "#0"},
				"down": {"uv": [2, 16, 4, 0], "texture": "#0"}
			}
		},
		{
			"name": "Element",
			"from": [12, 16, 15],
			"to": [14, 18, 16],
			"rotation": {"angle": 0, "axis": "y", "origin": [8, 24, 23]},
			"faces": {
				"north": {"uv": [14, 0, 13, 2], "texture": "#0"},
				"east": {"uv": [14, 0, 13, 2], "texture": "#0"},
				"south": {"uv": [14, 0, 13, 2], "texture": "#0"},
				"west": {"uv": [13, 0, 12, 2], "texture": "#0"},
				"up": {"uv": [12, 1, 14, 0], "texture": "#0"},
				"down": {"uv": [12, 1, 13, 0], "texture": "#0"}
			}
		}
	],
	"display": {
		"thirdperson_righthand": {
			"rotation": [75, 0, 0],
			"translation": [0, 2.5, 2.5],
			"scale": [0.375, 0.375, 0.375]
		},
		"thirdperson_lefthand": {
			"rotation": [75, 0, 0],
			"translation": [0, 2.5, 2.5],
			"scale": [0.375, 0.375, 0.375]
		},
		"firstperson_righthand": {
			"translation": [0, 2.5, 0],
			"scale": [0.4, 0.4, 0.4]
		},
		"firstperson_lefthand": {
			"translation": [0, 2.5, 0],
			"scale": [0.4, 0.4, 0.4]
		},
		"ground": {
			"translation": [0, 2.5, 0],
			"scale": [0.25, 0.25, 0.25]
		},
		"gui": {
			"rotation": [90, 0, 0],
			"scale": [0.62, 0.63, 0.62]
		},
		"head": {
			"scale": [0.5, 0.5, 0.5]
		},
		"fixed": {
			"rotation": [-90, 0, 0],
			"translation": [0, 0, -4],
			"scale": [0.5, 0.5, 0.5]
		}
	},
	"groups": [
		{
			"name": "edge_repair",
			"origin": [8, 8, 8],
			"children": []
		},
		{
			"name": "base",
			"origin": [8, 8, 8],
			"children": []
		},
		{
			"name": "rail",
			"origin": [8, 8, 8],
			"children": []
		},
		{
			"name": "rail_raised",
			"origin": [8, 8, 8],
			"children": [0, 1, 2, 3, 4, 5, 6]
		}
	]
}