{
	"__comment": "Designed by Chengzzi89 with Cubik Studio - https://cubik.studio",
	"ambientocclusion": false,
	"textures": {
		"particle": "block/rail_corner",
		"rail": "block/rail_corner",
		"texture": "block/rail_corner"
	},
	"elements": [ 	 
		{
			"__comment": "Element",
			"from": [ 13, 0, 13 ],
			"to": [ 15, 1, 15 ],
			"faces": {
				"down": { "uv": [ 7, 7, 8, 8 ], "texture": "#rail" },
				"up": { "uv": [ 7, 7, 9, 9 ], "texture": "#rail" },
				"north": { "uv": [ 8, 7, 9, 8 ], "texture": "#rail" },
				"south": { "uv": [ 7, 8, 8, 9 ], "texture": "#rail" },
				"west": { "uv": [ 7, 8, 8, 9 ], "texture": "#rail" },
				"east": { "uv": [ 8, 7, 9, 8 ], "texture": "#rail" }
			}
		},
		{
			"__comment": "Element",
			"from": [ 0, 0, 13 ],
			"to": [ 3, 1, 15 ],
			"faces": {
				"down": { "uv": [ 1, 13, 2, 14 ], "texture": "#rail" },
				"up": { "uv": [ 0, 13, 3, 15 ], "texture": "#rail" },
				"north": { "uv": [ 3, 13, 6, 14 ], "texture": "#rail" },
				"south": { "uv": [ 0, 14, 3, 15 ], "texture": "#rail" },
				"west": { "uv": [ 13, 0, 15, 1 ], "texture": "#rail" },
				"east": { "uv": [ 13, 0, 15, 1 ], "texture": "#rail" }
			}
		},
		{
			"__comment": "Element",
			"from": [ 3, 0, 13 ],
			"to": [ 13, 1, 15 ],
			"faces": {
				"down": { "uv": [ 4, 14, 5, 15 ], "texture": "#rail" },
				"up": { "uv": [ 3, 13, 13, 15 ], "texture": "#rail" },
				"north": { "uv": [ 3, 13, 13, 14 ], "texture": "#rail" },
				"south": { "uv": [ 3, 14, 13, 15 ], "texture": "#rail" },
				"west": { "uv": [ 13, 0, 15, 1 ], "texture": "#rail" },
				"east": { "uv": [ 13, 0, 15, 1 ], "texture": "#rail" }
			}
		},
		{
			"__comment": "Element",
			"from": [ 13, 0, 0 ],
			"to": [ 15, 1, 3 ],
			"faces": {
				"down": { "uv": [ 13, 1, 14, 2 ], "texture": "#rail" },
				"up": { "uv": [ 13, 0, 15, 3 ], "texture": "#rail" },
				"north": { "uv": [ 13, 0, 15, 1 ], "texture": "#rail" },
				"south": { "uv": [ 13, 0, 15, 1 ], "texture": "#rail" },
				"west": { "uv": [ 13, 1, 14, 2 ], "texture": "#rail" },
				"east": { "uv": [ 14, 0, 15, 3 ], "texture": "#rail", "rotation": 90 }
			}
		},
		{
			"__comment": "Element",
			"from": [ 13, 0, 3 ],
			"to": [ 15, 1, 13 ],
			"faces": {
				"down": { "uv": [ 13, 4, 14, 5 ], "texture": "#rail" },
				"up": { "uv": [ 13, 3, 15, 13 ], "texture": "#rail" },
				"north": { "uv": [ 13, 0, 15, 1 ], "texture": "#rail" },
				"south": { "uv": [ 13, 0, 15, 1 ], "texture": "#rail" },
				"west": { "uv": [ 14, 3, 15, 13 ], "texture": "#rail", "rotation": 90 },
				"east": { "uv": [ 14, 3, 15, 13 ], "texture": "#rail", "rotation": 90 }
			}
		},
		{
			"__comment": "Element",
			"from": [ 7, 0, 3.4 ],
			"to": [ 9, 0.99, 15.4 ],
			"rotation": { "origin": [ 8, 8, 8 ], "axis": "y", "angle": 45 },
			"faces": {
				"down": { "uv": [ 14, 4, 15, 5 ], "texture": "#rail" },
				"up": { "uv": [ 13, 0, 15, 12 ], "texture": "#rail" },
				"north": { "uv": [ 13, 0, 14, 1 ], "texture": "#rail" },
				"south": { "uv": [ 13, 9, 14, 10 ], "texture": "#rail" },
				"west": { "uv": [ 14, 0, 15, 12 ], "texture": "#rail", "rotation": 270 },
				"east": { "uv": [ 14, 0, 15, 12 ], "texture": "#rail", "rotation": 90 }
			}
		},
		{
			"__comment": "Element",
			"from": [ 10, 0, 2 ],
			"to": [ 16, 2, 4 ],
			"faces": {
				"down": { "uv": [ 3, 15, 4, 16 ], "texture": "#rail" },
				"up": { "uv": [ 10, 2, 16, 4 ], "texture": "#rail" },
				"north": { "uv": [ 15, 2, 16, 3 ], "texture": "#rail" },
				"south": { "uv": [ 15, 3, 16, 4 ], "texture": "#rail" },
				"west": { "uv": [ 9, 2, 10, 3 ], "texture": "#rail" },
				"east": { "uv": [ 15, 2, 16, 3 ], "texture": "#rail" }
			}
		},
		{
			"__comment": "Element",
			"from": [ 4, 0, 6 ],
			"to": [ 12, 2.01, 7.5 ],
			"rotation": { "origin": [ 8, 7, 8 ], "axis": "y", "angle": 45, "rescale": true },
			"faces": {
				"down": { "uv": [ 10, 3, 11, 4 ], "texture": "#rail" },
				"up": { "uv": [ 10, 2, 11, 4 ], "texture": "#rail" },
				"north": { "uv": [ 10, 2, 11, 3 ], "texture": "#rail" },
				"south": { "uv": [ 10, 3, 11, 4 ], "texture": "#rail" },
				"west": { "uv": [ 9, 2, 10, 3 ], "texture": "#rail" },
				"east": { "uv": [ 11, 2, 12, 3 ], "texture": "#rail" }
			}
		},
		{
			"__comment": "Element",
			"from": [ 2, 0, 10 ],
			"to": [ 4, 2, 16 ],
			"faces": {
				"down": { "uv": [ 3, 15, 4, 16 ], "texture": "#rail" },
				"up": { "uv": [ 2, 10, 4, 16 ], "texture": "#rail" },
				"north": { "uv": [ 2, 9, 3, 10 ], "texture": "#rail" },
				"south": { "uv": [ 2, 15, 3, 16 ], "texture": "#rail" },
				"west": { "uv": [ 2, 15, 3, 16 ], "texture": "#rail" },
				"east": { "uv": [ 3, 15, 4, 16 ], "texture": "#rail" }
			}
		},
		{
			"__comment": "Element",
			"from": [ 14, 0, 12 ],
			"to": [ 16, 2, 14 ],
			"faces": {
				"down": { "uv": [ 3, 15, 4, 16 ], "texture": "#rail" },
				"up": { "uv": [ 15, 12, 16, 14 ], "texture": "#rail" },
				"north": { "uv": [ 14, 12, 15, 13 ], "texture": "#rail" },
				"south": { "uv": [ 15, 13, 16, 14 ], "texture": "#rail" },
				"west": { "uv": [ 14, 12, 15, 13 ], "texture": "#rail" },
				"east": { "uv": [ 15, 13, 16, 14 ], "texture": "#rail" }
			}
		},
		{
			"__comment": "Element",
			"from": [ 7, 0, 13 ],
			"to": [ 9, 2.01, 14.5 ],
			"rotation": { "origin": [ 8, 7, 8 ], "axis": "y", "angle": 45, "rescale": true },
			"faces": {
				"down": { "uv": [ 15, 12, 16, 13 ], "texture": "#rail" },
				"up": { "uv": [ 15, 12, 16, 14 ], "texture": "#rail" },
				"north": { "uv": [ 15, 12, 16, 13 ], "texture": "#rail" },
				"south": { "uv": [ 15, 13, 16, 14 ], "texture": "#rail" },
				"west": { "uv": [ 14, 14, 15, 15 ], "texture": "#rail" },
				"east": { "uv": [ 15, 13, 16, 14 ], "texture": "#rail" }
			}
		},
		{
			"__comment": "Element",
			"from": [ 12, 0, 14 ],
			"to": [ 14, 2, 16 ],
			"faces": {
				"down": { "uv": [ 3, 15, 4, 16 ], "texture": "#rail" },
				"up": { "uv": [ 12, 15, 14, 16 ], "texture": "#rail" },
				"north": { "uv": [ 12, 14, 13, 15 ], "texture": "#rail" },
				"south": { "uv": [ 13, 15, 14, 16 ], "texture": "#rail" },
				"west": { "uv": [ 12, 14, 13, 15 ], "texture": "#rail" },
				"east": { "uv": [ 13, 15, 14, 16 ], "texture": "#rail" }
			}
		}
	]
}