{
	"credit": "Made with Blockbench",
	"ambientocclusion": false,
	"textures": {
		"0": "block/rail",
		"particle": "block/rail"
	},
	"elements": [
		{
			"name": "Element",
			"from": [2, 16, 0],
			"to": [4, 18, 1],
			"rotation": {"angle": 0, "axis": "y", "origin": [8, 24, -7]},
			"faces": {
				"north": {"uv": [2, 0, 3, 2], "texture": "#0"},
				"east": {"uv": [3, 0, 4, 2], "texture": "#0"},
				"south": {"uv": [2, 0, 3, 2], "texture": "#0"},
				"west": {"uv": [2, 0, 3, 2], "texture": "#0"},
				"up": {"uv": [2, 0, 4, 1], "texture": "#0"},
				"down": {"uv": [3, 0, 4, 1], "texture": "#0"}
			}
		},
		{
			"name": "Element",
			"from": [0, 8, 13],
			"to": [16, 9, 15],
			"rotation": {"angle": 45, "axis": "x", "origin": [8, 9, 9], "rescale": true},
			"faces": {
				"north": {"uv": [0, 12, 16, 14], "texture": "#0"},
				"east": {"uv": [7, 13, 9, 14], "texture": "#0"},
				"south": {"uv": [0, 13, 16, 14], "texture": "#0"},
				"west": {"uv": [7, 12, 9, 13], "texture": "#0"},
				"up": {"uv": [0, 12, 16, 14], "texture": "#0"},
				"down": {"uv": [0, 12, 16, 14], "texture": "#0"}
			}
		},
		{
			"name": "Element",
			"from": [0, 8, 8],
			"to": [16, 9, 10],
			"rotation": {"angle": 45, "axis": "x", "origin": [8, 9, 9], "rescale": true},
			"faces": {
				"north": {"uv": [0, 2, 16, 2.875], "texture": "#0"},
				"east": {"uv": [7, 3, 9, 4], "texture": "#0"},
				"south": {"uv": [0, 2.875, 16, 3.875], "texture": "#0"},
				"west": {"uv": [7, 2, 9, 3], "texture": "#0"},
				"up": {"uv": [0, 2, 16, 4], "texture": "#0"},
				"down": {"uv": [0, 7, 16, 9], "texture": "#0"}
			}
		},
		{
			"name": "Element",
			"from": [0, 8, 3],
			"to": [16, 9, 5],
			"rotation": {"angle": 45, "axis": "x", "origin": [8, 9, 9], "rescale": true},
			"faces": {
				"north": {"uv": [0, 2, 16, 3], "texture": "#0"},
				"east": {"uv": [7, 3, 9, 4], "texture": "#0"},
				"south": {"uv": [0, 3, 16, 4], "texture": "#0"},
				"west": {"uv": [7, 2, 9, 3], "texture": "#0"},
				"up": {"uv": [0, 2, 16, 4], "texture": "#0"},
				"down": {"uv": [0, 2, 16, 4], "texture": "#0"}
			}
		},
		{
			"name": "Element",
			"from": [12, 8, -0.5],
			"to": [14, 9.5, 16],
			"rotation": {"angle": 45, "axis": "x", "origin": [8, 8, 8], "rescale": true},
			"faces": {
				"north": {"uv": [13, 14, 14, 16], "texture": "#0"},
				"east": {"uv": [13, 14, 14, 16], "texture": "#0"},
				"south": {"uv": [13, 14, 14, 16], "texture": "#0"},
				"west": {"uv": [12, 14, 13, 16], "texture": "#0"},
				"up": {"uv": [12, 0, 14, 16], "texture": "#0"},
				"down": {"uv": [12, 0, 14, 16], "texture": "#0"}
			}
		},
		{
			"name": "Element",
			"from": [2, 8, -0.5],
			"to": [4, 9.5, 16],
			"rotation": {"angle": 45, "axis": "x", "origin": [8, 8, 8], "rescale": true},
			"faces": {
				"north": {"uv": [2, 14, 3, 16], "texture": "#0"},
				"east": {"uv": [3, 14, 4, 16], "texture": "#0"},
				"south": {"uv": [2, 14, 3, 16], "texture": "#0"},
				"west": {"uv": [2, 14, 3, 16], "texture": "#0"},
				"up": {"uv": [2, 0, 4, 16], "texture": "#0"},
				"down": {"uv": [2, 0, 4, 16], "texture": "#0"}
			}
		},
		{
			"name": "Element",
			"from": [12, 16, 0],
			"to": [14, 18, 1],
			"rotation": {"angle": 0, "axis": "y", "origin": [8, 24, -7]},
			"faces": {
				"north": {"uv": [13, 0, 14, 2], "texture": "#0"},
				"east": {"uv": [13, 0, 14, 2], "texture": "#0"},
				"south": {"uv": [13, 0, 14, 2], "texture": "#0"},
				"west": {"uv": [12, 0, 13, 2], "texture": "#0"},
				"up": {"uv": [12, 0, 14, 1], "texture": "#0"},
				"down": {"uv": [12, 0, 13, 1], "texture": "#0"}
			}
		}
	],
	"display": {
		"thirdperson_righthand": {
			"rotation": [75, 0, 0],
			"translation": [0, 2.5, 2.5],
			"scale": [0.375, 0.375, 0.375]
		},
		"thirdperson_lefthand": {
			"rotation": [75, 0, 0],
			"translation": [0, 2.5, 2.5],
			"scale": [0.375, 0.375, 0.375]
		},
		"firstperson_righthand": {
			"translation": [0, 2.5, 0],
			"scale": [0.4, 0.4, 0.4]
		},
		"firstperson_lefthand": {
			"translation": [0, 2.5, 0],
			"scale": [0.4, 0.4, 0.4]
		},
		"ground": {
			"translation": [0, 2.5, 0],
			"scale": [0.25, 0.25, 0.25]
		},
		"gui": {
			"rotation": [90, 0, 0],
			"scale": [0.62, 0.63, 0.62]
		},
		"head": {
			"scale": [0.5, 0.5, 0.5]
		},
		"fixed": {
			"rotation": [-90, 0, 0],
			"translation": [0, 0, -4],
			"scale": [0.5, 0.5, 0.5]
		}
	},
	"groups": [
		{
			"name": "edge_repair",
			"origin": [8, 8, 8],
			"children": []
		},
		{
			"name": "base",
			"origin": [8, 8, 8],
			"children": []
		},
		{
			"name": "rail",
			"origin": [8, 8, 8],
			"children": []
		},
		{
			"name": "rail_raised",
			"origin": [8, 8, 8],
			"children": [0, 1, 2, 3, 4, 5, 6]
		}
	]
}