{
	"credit": "Made with Blockbench",
	"parent": "block/block",
	"ambientocclusion": false,
	"textures": {
		"crossbar": "block/3d/fence_warped"
	},
	"elements": [
		{
			"name": "top bar",
			"from": [7, 12, 10],
			"to": [9, 15, 16],
			"faces": {
				"east": {"uv": [0, 2, 6, 5], "texture": "#crossbar"},
				"south": {"uv": [0, 6, 0.5, 9], "rotation": 270, "texture": "#crossbar", "cullface": "south"},
				"west": {"uv": [10, 6, 16, 9], "texture": "#crossbar"},
				"up": {"uv": [0, 6, 6, 8], "rotation": 270, "texture": "#crossbar"},
				"down": {"uv": [0, 6, 6, 8], "rotation": 90, "texture": "#crossbar"}
			}
		},
		{
			"name": "lower bar",
			"from": [7, 6, 10],
			"to": [9, 9, 16],
			"faces": {
				"east": {"uv": [0, 8, 6, 11], "texture": "#crossbar"},
				"south": {"uv": [0, 6, 0.5, 9], "rotation": 270, "texture": "#crossbar", "cullface": "south"},
				"west": {"uv": [10, 9, 16, 12], "texture": "#crossbar"},
				"up": {"uv": [0, 6, 6, 8], "rotation": 270, "texture": "#crossbar"},
				"down": {"uv": [0, 6, 6, 8], "rotation": 90, "texture": "#crossbar"}
			}
		}
	]
}