{
	"credit": "Made with Blockbench",
	"parent": "block/block",
	"ambientocclusion": false,
	"textures": {
		"side": "block/3d/fence_warped",
		"top": "block/3d/fence_warped_top",
		"particle": "block/3d/fence_warped_top"
	},
	"elements": [
		{
			"name": "Centre Post Bottom",
			"from": [6, 0, 6],
			"to": [10, 16, 10],
			"faces": {
				"north": {"uv": [12, 0, 16, 16], "texture": "#side"},
				"east": {"uv": [12, 0, 16, 16], "texture": "#side"},
				"south": {"uv": [12, 0, 16, 16], "texture": "#side"},
				"west": {"uv": [12, 0, 16, 16], "texture": "#side"},
				"up": {"uv": [12, 12, 16, 16], "texture": "#top", "cullface": "up"},
				"down": {"uv": [12, 12, 16, 16], "rotation": 270, "texture": "#top", "cullface": "down"}
			}
		}
	]
}