{
  "variants": {
    "facing=east,half=bottom,shape=inner_left": {
      "model": "minecraft:block/crimson_stairs_inner_north_bottom"
    },
    "facing=east,half=bottom,shape=inner_right": {
      "model": "minecraft:block/crimson_stairs_inner_east_bottom"
    },
    "facing=east,half=bottom,shape=outer_left": {
      "model": "minecraft:block/crimson_stairs_outer_north_bottom"
    },
    "facing=east,half=bottom,shape=outer_right": {
      "model": "minecraft:block/crimson_stairs_outer_east_bottom"
    },
    "facing=east,half=bottom,shape=straight": {
      "model": "minecraft:block/crimson_stairs_east_bottom"
    },
    "facing=east,half=top,shape=inner_left": {
      "model": "minecraft:block/crimson_stairs_inner_east_bottom",
      "x": 180
    },
    "facing=east,half=top,shape=inner_right": {
      "model": "minecraft:block/crimson_stairs_inner_north_bottom",
      "x": 180
    },
    "facing=east,half=top,shape=outer_left": {
      "model": "minecraft:block/crimson_stairs_outer_east_bottom",
      "x": 180
    },
    "facing=east,half=top,shape=outer_right": {
      "model": "minecraft:block/crimson_stairs_outer_north_bottom",
      "x": 180
    },
    "facing=east,half=top,shape=straight": {
      "model": "minecraft:block/crimson_stairs_east_bottom",
      "x": 180
    },
    "facing=north,half=bottom,shape=inner_left": {
      "model": "minecraft:block/crimson_stairs_inner_west_bottom"
    },
    "facing=north,half=bottom,shape=inner_right": {
      "model": "minecraft:block/crimson_stairs_inner_north_bottom"
    },
    "facing=north,half=bottom,shape=outer_left": {
      "model": "minecraft:block/crimson_stairs_outer_west_bottom"
    },
    "facing=north,half=bottom,shape=outer_right": {
      "model": "minecraft:block/crimson_stairs_outer_north_bottom"
    },
    "facing=north,half=bottom,shape=straight": {
      "model": "minecraft:block/crimson_stairs_north_bottom"
    },
    "facing=north,half=top,shape=inner_left": {
      "model": "minecraft:block/crimson_stairs_inner_south_bottom",
      "x": 180
    },
    "facing=north,half=top,shape=inner_right": {
      "model": "minecraft:block/crimson_stairs_inner_east_bottom",
      "x": 180
    },
    "facing=north,half=top,shape=outer_left": {
      "model": "minecraft:block/crimson_stairs_outer_south_bottom",
      "x": 180
    },
    "facing=north,half=top,shape=outer_right": {
      "model": "minecraft:block/crimson_stairs_outer_east_bottom",
      "x": 180
    },
    "facing=north,half=top,shape=straight": {
      "model": "minecraft:block/crimson_stairs_south_bottom",
      "x": 180
    },
    "facing=south,half=bottom,shape=inner_left": {
      "model": "minecraft:block/crimson_stairs_inner_east_bottom"
    },
    "facing=south,half=bottom,shape=inner_right": {
      "model": "minecraft:block/crimson_stairs_inner_south_bottom"
    },
    "facing=south,half=bottom,shape=outer_left": {
      "model": "minecraft:block/crimson_stairs_outer_east_bottom"
    },
    "facing=south,half=bottom,shape=outer_right": {
      "model": "minecraft:block/crimson_stairs_outer_south_bottom"
    },
    "facing=south,half=bottom,shape=straight": {
      "model": "minecraft:block/crimson_stairs_south_bottom"
    },
    "facing=south,half=top,shape=inner_left": {
      "model": "minecraft:block/crimson_stairs_inner_north_bottom",
      "x": 180
    },
    "facing=south,half=top,shape=inner_right": {
      "model": "minecraft:block/crimson_stairs_inner_west_bottom",
      "x": 180
    },
    "facing=south,half=top,shape=outer_left": {
      "model": "minecraft:block/crimson_stairs_outer_north_bottom",
      "x": 180
    },
    "facing=south,half=top,shape=outer_right": {
      "model": "minecraft:block/crimson_stairs_outer_west_bottom",
      "x": 180
    },
    "facing=south,half=top,shape=straight": {
      "model": "minecraft:block/crimson_stairs_north_bottom",
      "x": 180
    },
    "facing=west,half=bottom,shape=inner_left": {
      "model": "minecraft:block/crimson_stairs_inner_south_bottom"
    },
    "facing=west,half=bottom,shape=inner_right": {
      "model": "minecraft:block/crimson_stairs_inner_west_bottom"
    },
    "facing=west,half=bottom,shape=outer_left": {
      "model": "minecraft:block/crimson_stairs_outer_south_bottom"
    },
    "facing=west,half=bottom,shape=outer_right": {
      "model": "minecraft:block/crimson_stairs_outer_west_bottom"
    },
    "facing=west,half=bottom,shape=straight": {
      "model": "minecraft:block/crimson_stairs_west_bottom"
    },
    "facing=west,half=top,shape=inner_left": {
      "model": "minecraft:block/crimson_stairs_inner_west_bottom",
      "x": 180
    },
    "facing=west,half=top,shape=inner_right": {
      "model": "minecraft:block/crimson_stairs_inner_south_bottom",
      "x": 180
    },
    "facing=west,half=top,shape=outer_left": {
      "model": "minecraft:block/crimson_stairs_outer_west_bottom",
      "x": 180
    },
    "facing=west,half=top,shape=outer_right": {
      "model": "minecraft:block/crimson_stairs_outer_south_bottom",
      "x": 180
    },
    "facing=west,half=top,shape=straight": {
      "model": "minecraft:block/crimson_stairs_west_bottom",
      "x": 180
    }
  }
}