{
  "variants": {
    "attachment=ceiling,facing=east,powered=false": {
      "model": "minecraft:block/bell_ceiling",
      "y": 90
    },
    "attachment=ceiling,facing=north,powered=false": {
      "model": "minecraft:block/bell_ceiling"
    },
    "attachment=ceiling,facing=south,powered=false": {
      "model": "minecraft:block/bell_ceiling",
      "y": 180
    },
    "attachment=ceiling,facing=west,powered=false": {
      "model": "minecraft:block/bell_ceiling",
      "y": 270
    },
    "attachment=double_wall,facing=east,powered=false": {
      "model": "minecraft:block/bell_between_walls"
    },
    "attachment=double_wall,facing=north,powered=false": {
      "model": "minecraft:block/bell_between_walls",
      "y": 270
    },
    "attachment=double_wall,facing=south,powered=false": {
      "model": "minecraft:block/bell_between_walls",
      "y": 90
    },
    "attachment=double_wall,facing=west,powered=false": {
      "model": "minecraft:block/bell_between_walls",
      "y": 180
    },
    "attachment=floor,facing=east,powered=false": {
      "model": "minecraft:block/bell_floor",
      "y": 90
    },
    "attachment=floor,facing=north,powered=false": {
      "model": "minecraft:block/bell_floor"
    },
    "attachment=floor,facing=south,powered=false": {
      "model": "minecraft:block/bell_floor",
      "y": 180
    },
    "attachment=floor,facing=west,powered=false": {
      "model": "minecraft:block/bell_floor",
      "y": 270
    },
    "attachment=single_wall,facing=east,powered=false": {
      "model": "minecraft:block/bell_wall"
    },
    "attachment=single_wall,facing=north,powered=false": {
      "model": "minecraft:block/bell_wall",
      "y": 270
    },
    "attachment=single_wall,facing=south,powered=false": {
      "model": "minecraft:block/bell_wall",
      "y": 90
    },
    "attachment=single_wall,facing=west,powered=false": {
      "model": "minecraft:block/bell_wall",
      "y": 180
    },
    "attachment=ceiling,facing=east,powered=true": {
      "model": "minecraft:block/bell_ceiling_powered",
      "y": 90
    },
    "attachment=ceiling,facing=north,powered=true": {
      "model": "minecraft:block/bell_ceiling_powered"
    },
    "attachment=ceiling,facing=south,powered=true": {
      "model": "minecraft:block/bell_ceiling_powered",
      "y": 180
    },
    "attachment=ceiling,facing=west,powered=true": {
      "model": "minecraft:block/bell_ceiling_powered",
      "y": 270
    },
    "attachment=double_wall,facing=east,powered=true": {
      "model": "minecraft:block/bell_between_walls_powered"
    },
    "attachment=double_wall,facing=north,powered=true": {
      "model": "minecraft:block/bell_between_walls_powered",
      "y": 270
    },
    "attachment=double_wall,facing=south,powered=true": {
      "model": "minecraft:block/bell_between_walls_powered",
      "y": 90
    },
    "attachment=double_wall,facing=west,powered=true": {
      "model": "minecraft:block/bell_between_walls_powered",
      "y": 180
    },
    "attachment=floor,facing=east,powered=true": {
      "model": "minecraft:block/bell_floor_powered",
      "y": 90
    },
    "attachment=floor,facing=north,powered=true": {
      "model": "minecraft:block/bell_floor_powered"
    },
    "attachment=floor,facing=south,powered=true": {
      "model": "minecraft:block/bell_floor_powered",
      "y": 180
    },
    "attachment=floor,facing=west,powered=true": {
      "model": "minecraft:block/bell_floor_powered",
      "y": 270
    },
    "attachment=single_wall,facing=east,powered=true": {
      "model": "minecraft:block/bell_wall_powered"
    },
    "attachment=single_wall,facing=north,powered=true": {
      "model": "minecraft:block/bell_wall_powered",
      "y": 270
    },
    "attachment=single_wall,facing=south,powered=true": {
      "model": "minecraft:block/bell_wall_powered",
      "y": 90
    },
    "attachment=single_wall,facing=west,powered=true": {
      "model": "minecraft:block/bell_wall_powered",
      "y": 180
    }
  }
}