{
  "variants": {
    "facing=down,triggered=false": {
      "model": "minecraft:block/dispenser_vertical_protex",
      "x": 180
    },
    "facing=east,triggered=false": {
      "model": "minecraft:block/dispenser_protex",
      "y": 90
    },
    "facing=north,triggered=false": {
      "model": "minecraft:block/dispenser_protex"
    },
    "facing=south,triggered=false": {
      "model": "minecraft:block/dispenser_protex",
      "y": 180
    },
    "facing=up,triggered=false": {
      "model": "minecraft:block/dispenser_vertical_protex"
    },
    "facing=west,triggered=false": {
      "model": "minecraft:block/dispenser_protex",
      "y": 270
    },
    "facing=down,triggered=true": {
      "model": "minecraft:block/dispenser_vertical_triggered",
      "x": 180
    },
    "facing=east,triggered=true": {
      "model": "minecraft:block/dispenser_triggered",
      "y": 90
    },
    "facing=north,triggered=true": {
      "model": "minecraft:block/dispenser_triggered"
    },
    "facing=south,triggered=true": {
      "model": "minecraft:block/dispenser_triggered",
      "y": 180
    },
    "facing=up,triggered=true": {
      "model": "minecraft:block/dispenser_vertical_triggered"
    },
    "facing=west,triggered=true": {
      "model": "minecraft:block/dispenser_triggered",
      "y": 270
    }
  }
}