{
  "variants": {
    "facing=east,has_book=false,powered=false": {
      "model": "minecraft:block/lectern",
      "y": 90
    },
    "facing=north,has_book=false,powered=false": {
      "model": "minecraft:block/lectern"
    },
    "facing=south,has_book=false,powered=false": {
      "model": "minecraft:block/lectern",
      "y": 180
    },
    "facing=west,has_book=false,powered=false": {
      "model": "minecraft:block/lectern",
      "y": 270
    },
    "facing=east,has_book=true,powered=false": {
      "model": "minecraft:block/lectern_book",
      "y": 90
    },
    "facing=north,has_book=true,powered=false": {
      "model": "minecraft:block/lectern_book"
    },
    "facing=south,has_book=true,powered=false": {
      "model": "minecraft:block/lectern_book",
      "y": 180
    },
    "facing=west,has_book=true,powered=false": {
      "model": "minecraft:block/lectern_book",
      "y": 270
    },
    "facing=east,has_book=true,powered=true": {
      "model": "minecraft:block/lectern_book_powered",
      "y": 90
    },
    "facing=north,has_book=true,powered=true": {
      "model": "minecraft:block/lectern_book_powered"
    },
    "facing=south,has_book=true,powered=true": {
      "model": "minecraft:block/lectern_book_powered",
      "y": 180
    },
    "facing=west,has_book=true,powered=true": {
      "model": "minecraft:block/lectern_book_powered",
      "y": 270
    },
    "facing=east,has_book=false,powered=true": {
      "model": "minecraft:block/lectern_powered",
      "y": 90
    },
    "facing=north,has_book=false,powered=true": {
      "model": "minecraft:block/lectern_powered"
    },
    "facing=south,has_book=false,powered=true": {
      "model": "minecraft:block/lectern_powered",
      "y": 180
    },
    "facing=west,has_book=false,powered=true": {
      "model": "minecraft:block/lectern_powered",
      "y": 270
    }
  }
}