{
  "variants": {
    "power=0": {
      "model": "minecraft:block/light_weighted_pressure_plate"
    },
    "power=1": {
      "model": "minecraft:block/light_weighted_pressure_plate_down_1"
    },
    "power=10": {
      "model": "minecraft:block/light_weighted_pressure_plate_down_10"
    },
    "power=11": {
      "model": "minecraft:block/light_weighted_pressure_plate_down_11"
    },
    "power=12": {
      "model": "minecraft:block/light_weighted_pressure_plate_down_12"
    },
    "power=13": {
      "model": "minecraft:block/light_weighted_pressure_plate_down_13"
    },
    "power=14": {
      "model": "minecraft:block/light_weighted_pressure_plate_down_14"
    },
    "power=15": {
      "model": "minecraft:block/light_weighted_pressure_plate_down_15"
    },
    "power=2": {
      "model": "minecraft:block/light_weighted_pressure_plate_down_2"
    },
    "power=3": {
      "model": "minecraft:block/light_weighted_pressure_plate_down_3"
    },
    "power=4": {
      "model": "minecraft:block/light_weighted_pressure_plate_down_4"
    },
    "power=5": {
      "model": "minecraft:block/light_weighted_pressure_plate_down_5"
    },
    "power=6": {
      "model": "minecraft:block/light_weighted_pressure_plate_down_6"
    },
    "power=7": {
      "model": "minecraft:block/light_weighted_pressure_plate_down_7"
    },
    "power=8": {
      "model": "minecraft:block/light_weighted_pressure_plate_down_8"
    },
    "power=9": {
      "model": "minecraft:block/light_weighted_pressure_plate_down_9"
    }
  }
}