{
    "sources": [
        {
            "type": "directory",
            "source": "block",
            "prefix": "block/"
        },
        {
            "type": "directory",
            "source": "item",
            "prefix": "item/"
        },
        {
            "type": "directory",
            "source": "entity/conduit",
            "prefix": "entity/conduit/"
        },
        {
            "type": "single",
            "resource": "entity/bell/bell_body"
        },
        {
            "type": "single",
            "resource": "entity/enchanting_table_book"
        },
		{
            "type": "directory",
            "source": "redstone",
            "prefix": "redstone/"
        },
		{
            "type": "directory",
            "source": "plant_age",
            "prefix": "plant_age/"
        },
		{
            "type": "directory",
            "source": "api",
            "prefix": "api/"
        }
    ]
}