{
	"credit": "Made with Blockbench",
	"textures": {
		"texture2": "block/pressure_plate_down",
		"particle": "#texture"
	},
	"elements": [
		{
			"from": [5, 0, 6],
			"to": [11, 1, 7],
			"faces": {
				"north": {"uv": [5, 15, 11, 16], "texture": "#texture"},
				"east": {"uv": [9, 15, 10, 16], "texture": "#texture"},
				"south": {"uv": [5, 15, 11, 16], "texture": "#texture"},
				"west": {"uv": [6, 15, 7, 16], "texture": "#texture"},
				"up": {"uv": [5, 6, 11, 7], "texture": "#texture"},
				"down": {"uv": [5, 9, 11, 10], "texture": "#texture", "cullface": "down"}
			}
		},
		{
			"from": [5, 0, 9],
			"to": [11, 1, 10],
			"faces": {
				"north": {"uv": [5, 15, 11, 16], "texture": "#texture"},
				"east": {"uv": [6, 15, 7, 16], "texture": "#texture"},
				"south": {"uv": [5, 15, 11, 16], "texture": "#texture"},
				"west": {"uv": [9, 15, 10, 16], "texture": "#texture"},
				"up": {"uv": [5, 9, 11, 10], "texture": "#texture"},
				"down": {"uv": [5, 6, 11, 7], "texture": "#texture", "cullface": "down"}
			}
		},
		{
			"from": [5, 0, 7],
			"to": [6, 1, 9],
			"faces": {
				"north": {"uv": [10, 15, 11, 16], "texture": "#texture"},
				"east": {"uv": [7, 15, 9, 16], "texture": "#texture"},
				"south": {"uv": [5, 15, 6, 16], "texture": "#texture"},
				"west": {"uv": [7, 15, 9, 16], "texture": "#texture"},
				"up": {"uv": [5, 7, 6, 9], "texture": "#texture"},
				"down": {"uv": [5, 7, 6, 9], "texture": "#texture", "cullface": "down"}
			}
		},
		{
			"from": [10, 0, 7],
			"to": [11, 1, 9],
			"faces": {
				"north": {"uv": [5, 15, 6, 16], "texture": "#texture"},
				"east": {"uv": [7, 15, 9, 16], "texture": "#texture"},
				"south": {"uv": [10, 15, 11, 16], "texture": "#texture"},
				"west": {"uv": [7, 15, 9, 16], "texture": "#texture"},
				"up": {"uv": [10, 7, 11, 9], "texture": "#texture"},
				"down": {"uv": [10, 7, 11, 9], "texture": "#texture", "cullface": "down"}
			}
		},
		{
			"from": [6, 0, 7],
			"to": [10, 1, 9],
			"faces": {
				"up": {"uv": [6, 7, 10, 9], "texture": "#texture2"},
				"down": {"uv": [6, 7, 10, 9], "texture": "#texture2"}
			}
		}
	]
}