{
    "parent": "block/calibrated_sculk_sensor",
    "textures": {
        "amethyst": "block/calibrated_sculk_sensor_amethyst",
        "bottom": "block/calibrated_sculk_sensor_bottom",
        "east": "block/calibrated_sculk_sensor_east",
        "west": "block/calibrated_sculk_sensor_west",
        "back": "block/calibrated_sculk_sensor_back",
        "side": "block/sculk_sensor_side",
        "calibrated_side": "block/calibrated_sculk_sensor_input_side",
        "tendrils": "block/sculk_sensor_tendril_inactive",
        "top": "block/calibrated_sculk_sensor_top",
        "particle": "block/calibrated_sculk_sensor_bottom"
    }
}