{
    "parent": "block/calibrated_sculk_sensor",
    "textures": {
        "amethyst": "block/calibrated_sculk_sensor_amethyst",
        "bottom": "block/calibrated_sculk_sensor_bottom_on",
        "east": "block/calibrated_sculk_sensor_east_on",
        "west": "block/calibrated_sculk_sensor_west_on",
        "back": "block/calibrated_sculk_sensor_back_on",
        "side": "block/sculk_sensor_side",
        "calibrated_side": "block/calibrated_sculk_sensor_input_side_on",
        "tendrils": "block/sculk_sensor_tendril_active",
        "top": "block/calibrated_sculk_sensor_top_on",
        "particle": "block/calibrated_sculk_sensor_bottom_on"
    }
}