{
    "parent": "block/calibrated_sculk_sensor",
    "textures": {
        "amethyst": "block/calibrated_sculk_sensor_amethyst",
        "bottom": "block/calibrated_sculk_sensor_bottom_cd",
        "east": "block/calibrated_sculk_sensor_east_cd",
        "west": "block/calibrated_sculk_sensor_west_cd",
        "back": "block/calibrated_sculk_sensor_back_cd",
        "side": "block/sculk_sensor_side",
        "calibrated_side": "block/calibrated_sculk_sensor_input_side_cd",
        "tendrils": "block/sculk_sensor_tendril_inactive",
        "top": "block/calibrated_sculk_sensor_top_cd",
        "particle": "block/calibrated_sculk_sensor_bottom_cd"
    }
}