{
  "parent": "minecraft:block/cube",
    "textures": {
        "particle": "minecraft:block/chiseled_bookshelf_top",
        "down": "minecraft:block/chiseled_bookshelf_top_stage2",
        "up": "minecraft:block/chiseled_bookshelf_top_stage2",
        "north": "minecraft:block/chiseled_bookshelf_stage2",
        "east": "minecraft:block/chiseled_bookshelf_east_stage2",
        "south": "minecraft:block/chiseled_bookshelf_back_stage2",
        "west": "minecraft:block/chiseled_bookshelf_west_stage2"
    }
}
