{
  "parent": "minecraft:block/cube",
    "textures": {
        "particle": "minecraft:block/chiseled_bookshelf_top",
        "down": "minecraft:block/chiseled_bookshelf_top_stage3",
        "up": "minecraft:block/chiseled_bookshelf_top_stage3",
        "north": "minecraft:block/chiseled_bookshelf_stage3",
        "east": "minecraft:block/chiseled_bookshelf_east_stage3",
        "south": "minecraft:block/chiseled_bookshelf_back_stage3",
        "west": "minecraft:block/chiseled_bookshelf_west_stage3"
    }
}
