{
	"parent": "block/block",
	"textures": {
		"particle": "block/chiseled_bookshelf_top",
		"top": "block/chiseled_bookshelf_top",
		"side": "block/chiseled_bookshelf_side",
		"front": "block/chiseled_bookshelf_empty",
		"mini": "block/chiseled_bookshelf_empty_mini"
	},
	"elements": [
		{
			"name": "east_3",
			"from": [16, 2, 10],
			"to": [16, 8, 16],
			"faces": {
				"east": {"uv": [0, 8, 6, 14], "texture": "#side", "cullface": "east"}
			}
		},
		{
			"name": "down_0",
			"from": [0, 0, 8],
			"to": [16, 0, 16],
			"faces": {
				"down": {"uv": [0, 0, 16, 8], "texture": "#top", "cullface": "down"}
			}
		},
		{
			"name": "down_1",
			"from": [12, 0, 2],
			"to": [16, 0, 8],
			"faces": {
				"down": {"uv": [12, 8, 16, 14], "texture": "#top", "cullface": "down"}
			}
		},
		{
			"name": "down_2",
			"from": [0, 0, 0],
			"to": [16, 0, 2],
			"faces": {
				"down": {"uv": [0, 14, 16, 16], "texture": "#top", "cullface": "down"}
			}
		},
		{
			"name": "down_3",
			"from": [0, 0, 2],
			"to": [4, 0, 8],
			"faces": {
				"down": {"uv": [0, 8, 4, 14], "texture": "#top", "cullface": "down"}
			}
		},
		{
			"name": "up_0",
			"from": [0, 16, 0],
			"to": [16, 16, 2],
			"faces": {
				"up": {"uv": [0, 0, 16, 2], "texture": "#top", "cullface": "up"}
			}
		},
		{
			"name": "up_1",
			"from": [12, 16, 2],
			"to": [16, 16, 8],
			"faces": {
				"up": {"uv": [12, 2, 16, 8], "texture": "#top", "cullface": "up"}
			}
		},
		{
			"name": "up_2",
			"from": [0, 16, 8],
			"to": [16, 16, 16],
			"faces": {
				"up": {"uv": [0, 8, 16, 16], "texture": "#top", "cullface": "up"}
			}
		},
		{
			"name": "up_3",
			"from": [0, 16, 2],
			"to": [4, 16, 8],
			"faces": {
				"up": {"uv": [0, 2, 4, 8], "texture": "#top", "cullface": "up"}
			}
		},
		{
			"name": "south_0",
			"from": [0, 8, 16],
			"to": [16, 16, 16],
			"faces": {
				"south": {"uv": [0, 0, 16, 8], "texture": "#side", "cullface": "south"}
			}
		},
		{
			"name": "south_1",
			"from": [12, 2, 16],
			"to": [16, 8, 16],
			"faces": {
				"south": {"uv": [12, 8, 16, 14], "texture": "#side", "cullface": "south"}
			}
		},
		{
			"name": "south_2",
			"from": [0, 0, 16],
			"to": [16, 2, 16],
			"faces": {
				"south": {"uv": [0, 14, 16, 16], "texture": "#side", "cullface": "south"}
			}
		},
		{
			"name": "south_3",
			"from": [0, 2, 16],
			"to": [4, 8, 16],
			"faces": {
				"south": {"uv": [0, 8, 4, 14], "texture": "#side", "cullface": "south"}
			}
		},
		{
			"name": "west_0",
			"from": [0, 8, 0],
			"to": [0, 16, 16],
			"faces": {
				"west": {"uv": [0, 0, 16, 8], "texture": "#side", "cullface": "west"}
			}
		},
		{
			"name": "west_1",
			"from": [0, 2, 10],
			"to": [0, 8, 16],
			"faces": {
				"west": {"uv": [10, 8, 16, 14], "texture": "#side", "cullface": "west"}
			}
		},
		{
			"name": "west_2",
			"from": [0, 0, 0],
			"to": [0, 2, 16],
			"faces": {
				"west": {"uv": [0, 14, 16, 16], "texture": "#side", "cullface": "west"}
			}
		},
		{
			"name": "west_3",
			"from": [0, 2, 0],
			"to": [0, 8, 2],
			"faces": {
				"west": {"uv": [0, 8, 2, 14], "texture": "#side", "cullface": "west"}
			}
		},
		{
			"name": "east_0",
			"from": [16, 8, 0],
			"to": [16, 16, 16],
			"faces": {
				"east": {"uv": [0, 0, 16, 8], "texture": "#side", "cullface": "east"}
			}
		},
		{
			"name": "east_1",
			"from": [16, 2, 0],
			"to": [16, 8, 2],
			"faces": {
				"east": {"uv": [14, 8, 16, 14], "texture": "#side", "cullface": "east"}
			}
		},
		{
			"name": "east_2",
			"from": [16, 0, 0],
			"to": [16, 2, 16],
			"faces": {
				"east": {"uv": [0, 14, 16, 16], "texture": "#side", "cullface": "east"}
			}
		},
		{
			"name": "down",
			"from": [4, 0, 2],
			"to": [12, 0, 8],
			"faces": {
				"down": {"uv": [4, 8, 12, 14], "texture": "#mini", "cullface": "down"}
			}
		},
		{
			"name": "up",
			"from": [4, 16, 2],
			"to": [12, 16, 8],
			"faces": {
				"up": {"uv": [4, 8, 12, 14], "texture": "#mini", "cullface": "up"}
			}
		},
		{
			"name": "front",
			"from": [0, 0, 0],
			"to": [16, 16, 0],
			"faces": {
				"north": {"uv": [0, 0, 16, 16], "texture": "#front", "cullface": "north"}
			}
		},
		{
			"name": "back",
			"from": [4, 2, 16],
			"to": [12, 8, 16],
			"faces": {
				"south": {"uv": [4, 8, 12, 14], "texture": "#mini", "cullface": "south"}
			}
		},
		{
			"name": "west",
			"from": [0, 2, 2],
			"to": [0, 8, 10],
			"faces": {
				"west": {"uv": [4, 8, 12, 14], "texture": "#mini", "cullface": "west"}
			}
		},
		{
			"name": "east",
			"from": [16, 2, 2],
			"to": [16, 8, 10],
			"faces": {
				"east": {"uv": [4, 8, 12, 14], "texture": "#mini", "cullface": "east"}
			}
		}
	],
	"groups": [
		{
			"name": "chiseled_bookshelf",
			"origin": [0, 0, 0],
			"color": 0,
			"children": [0, 1, 2, 3, 4, 5, 6, 7, 8, 9, 10, 11, 12, 13, 14, 15, 16, 17, 18, 19]
		},
		{
			"name": "chiseled_bookshelf_empty",
			"origin": [0, 0, 0],
			"color": 0,
			"children": [20, 21, 22, 23, 24, 25]
		}
	]
}