{
    "parent": "block/door_bottom_rh_p",
    "textures": {
        "bottom": "block/door_powered/bamboo_door_bottom",
        "top": "block/door_powered/bamboo_door_top",
        "frame_bottom": "block/door_powered/bamboo_door_frame_bottom",
        "frame_top": "block/door_powered/bamboo_door_frame_top",
        "hinge_bottom": "block/door_powered/bamboo_door_hinge_bottom",
        "hinge_top": "block/door_powered/bamboo_door_hinge_top",
        "side": "block/door_powered/bamboo_door_side",
        "side_bottom": "block/door_powered/bamboo_door_side_bottom",
        "side_top": "block/door_powered/bamboo_door_side_top"
    }
}
