{
	"credit": "Made with Blockbench",
	"ambientocclusion": false,
	"textures": {
		"particle": "#bottom"
	},
	"elements": [
		{
			"from": [0, 0, 0],
			"to": [3, 3, 16],
			"faces": {
				"north": {"uv": [3, 13, 0, 16], "texture": "#bottom", "cullface": "north"},
				"east": {"uv": [16, 13, 0, 16], "texture": "#bottom"},
				"south": {"uv": [0, 13, 3, 16], "texture": "#bottom", "cullface": "south"},
				"west": {"uv": [0, 13, 16, 16], "texture": "#bottom", "cullface": "west"},
				"down": {"uv": [13, 0, 16, 16], "texture": "#bottom", "cullface": "down"}
			}
		},
		{
			"from": [0, 3, 0],
			"to": [3, 16, 3],
			"faces": {
				"north": {"uv": [13, 0, 16, 13], "texture": "#bottom"},
				"east": {"uv": [13, 0, 16, 13], "texture": "#bottom"},
				"west": {"uv": [0, 0, 3, 13], "texture": "#bottom"},
				"down": {"uv": [0, 0, 3, 3], "texture": "#bottom"}
			}
		},
		{
			"from": [0, 3, 13],
			"to": [3, 16, 16],
			"faces": {
				"east": {"uv": [0, 0, 3, 13], "texture": "#bottom"},
				"south": {"uv": [0, 0, 3, 13], "texture": "#bottom"},
				"west": {"uv": [13, 0, 16, 13], "texture": "#bottom"},
				"down": {"uv": [0, 0, 3, 3], "texture": "#bottom"}
			}
		}
	]
}