{
  "parent": "minecraft:block/stairs_west_bottom",
  "textures": {
    "bottom": "minecraft:block/cherry_planks",
    "slab_vertical": "minecraft:block/cherry_planks_slab_side_vertical",
    "slab": "minecraft:block/cherry_planks",
    "quarter_top_left": "minecraft:block/cherry_planks_tri_top",
    "quarter_top_right": "minecraft:block/cherry_planks_tri_top",
    "quarter_bottom_left": "minecraft:block/cherry_planks_tri_bottom",
    "quarter_bottom_right": "minecraft:block/cherry_planks_tri_bottom",
    "tri_top": "minecraft:block/cherry_planks_tri_top",
    "tri_bottom": "minecraft:block/cherry_planks_tri_bottom",
    "def_block": "minecraft:block/cherry_planks",
    "slab_vertical_east": "minecraft:block/cherry_planks_slab_side_vertical",
    "slab_east": "minecraft:block/cherry_planks",
    "quarter_top_left_east": "minecraft:block/cherry_planks_tri_top",
    "quarter_top_right_east": "minecraft:block/cherry_planks_tri_top",
    "quarter_bottom_left_east": "minecraft:block/cherry_planks_tri_bottom",
    "quarter_bottom_right_east": "minecraft:block/cherry_planks_tri_bottom",
    "tri_top_east": "minecraft:block/cherry_planks_tri_top",
    "tri_bottom_east": "minecraft:block/cherry_planks_tri_bottom",
    "def_block_east": "minecraft:block/cherry_planks",
    "slab_vertical_west": "minecraft:block/cherry_planks_slab_side_vertical",
    "slab_west": "minecraft:block/cherry_planks",
    "quarter_top_left_west": "minecraft:block/cherry_planks_tri_top",
    "quarter_top_right_west": "minecraft:block/cherry_planks_tri_top",
    "quarter_bottom_left_west": "minecraft:block/cherry_planks_tri_bottom",
    "quarter_bottom_right_west": "minecraft:block/cherry_planks_tri_bottom",
    "tri_top_west": "minecraft:block/cherry_planks_tri_top",
    "tri_bottom_west": "minecraft:block/cherry_planks_tri_bottom",
    "def_block_west": "minecraft:block/cherry_planks",
    "slab_vertical_north": "minecraft:block/cherry_planks_slab_side_vertical",
    "slab_north": "minecraft:block/cherry_planks",
    "quarter_top_left_north": "minecraft:block/cherry_planks_tri_top",
    "quarter_top_right_north": "minecraft:block/cherry_planks_tri_top",
    "quarter_bottom_left_north": "minecraft:block/cherry_planks_tri_bottom",
    "quarter_bottom_right_north": "minecraft:block/cherry_planks_tri_bottom",
    "tri_top_north": "minecraft:block/cherry_planks_tri_top",
    "tri_bottom_north": "minecraft:block/cherry_planks_tri_bottom",
    "def_block_north": "minecraft:block/cherry_planks",
    "slab_vertical_south": "minecraft:block/cherry_planks_slab_side_vertical",
    "slab_south": "minecraft:block/cherry_planks",
    "quarter_top_left_south": "minecraft:block/cherry_planks_tri_top",
    "quarter_top_right_south": "minecraft:block/cherry_planks_tri_top",
    "quarter_bottom_left_south": "minecraft:block/cherry_planks_tri_bottom",
    "quarter_bottom_right_south": "minecraft:block/cherry_planks_tri_bottom",
    "tri_top_south": "minecraft:block/cherry_planks_tri_top",
    "tri_bottom_south": "minecraft:block/cherry_planks_tri_bottom",
    "def_block_south": "minecraft:block/cherry_planks",
    "slab_vertical_top": "minecraft:block/cherry_planks_slab_side_vertical",
    "slab_top": "minecraft:block/cherry_planks",
    "quarter_top_left_top": "minecraft:block/cherry_planks_tri_top",
    "quarter_top_right_top": "minecraft:block/cherry_planks_tri_top",
    "quarter_bottom_left_top": "minecraft:block/cherry_planks_tri_bottom",
    "quarter_bottom_right_top": "minecraft:block/cherry_planks_tri_bottom",
    "tri_top_top": "minecraft:block/cherry_planks_tri_top",
    "tri_bottom_top": "minecraft:block/cherry_planks_tri_bottom",
    "def_block_top": "minecraft:block/cherry_planks"
  }
}