{
    "variants": {
        "facing=south": 
		[		
		{ "model": "block/brown_glazed_terracotta_0" },
	    { "model": "block/brown_glazed_terracotta_0", "y": 90 },
		{ "model": "block/brown_glazed_terracotta_0", "y": 180 },
		{ "model": "block/brown_glazed_terracotta_0", "y": 270 }
		],
        "facing=west":
		[		
		{ "model": "block/brown_glazed_terracotta_1" },
	    { "model": "block/brown_glazed_terracotta_1", "y": 90 },
		{ "model": "block/brown_glazed_terracotta_1", "y": 180 },
		{ "model": "block/brown_glazed_terracotta_1", "y": 270 }
		],
        "facing=north":
		[		
		{ "model": "block/brown_glazed_terracotta_2" },
	    { "model": "block/brown_glazed_terracotta_2", "y": 90 },
		{ "model": "block/brown_glazed_terracotta_2", "y": 180 },
		{ "model": "block/brown_glazed_terracotta_2", "y": 270 }
		],
        "facing=east": 
		[		
		{ "model": "block/brown_glazed_terracotta_3" },
	    { "model": "block/brown_glazed_terracotta_3", "y": 90 },
		{ "model": "block/brown_glazed_terracotta_3", "y": 180 },
		{ "model": "block/brown_glazed_terracotta_3", "y": 270 }
		]
    }
}
